subject,property,object,constraint_status,deprecated_reason
http://www.wikidata.org/entity/Q104376755,http://www.wikidata.org/entity/P518,http://www.wikidata.org/entity/Q131110,,http://www.wikidata.org/entity/Q99460987
http://www.wikidata.org/entity/Q3530050,http://www.wikidata.org/entity/P518,http://www.wikidata.org/entity/Q46794,,http://www.wikidata.org/entity/Q99460987
http://www.wikidata.org/entity/Q66317729,http://www.wikidata.org/entity/P518,http://www.wikidata.org/entity/Q201783,,http://www.wikidata.org/entity/Q99460987
http://www.wikidata.org/entity/Q10384164,http://www.wikidata.org/entity/P518,http://www.wikidata.org/entity/Q81163,,http://www.wikidata.org/entity/Q99460987
http://www.wikidata.org/entity/Q102178467,http://www.wikidata.org/entity/P518,http://www.wikidata.org/entity/Q48352,,http://www.wikidata.org/entity/Q99460987
http://www.wikidata.org/entity/Q192830,http://www.wikidata.org/entity/P518,http://www.wikidata.org/entity/Q74304,,http://www.wikidata.org/entity/Q99460987
http://www.wikidata.org/entity/Q28381010,http://www.wikidata.org/entity/P518,http://www.wikidata.org/entity/Q47041,,http://www.wikidata.org/entity/Q99460987
http://www.wikidata.org/entity/Q115100390,http://www.wikidata.org/entity/P518,http://www.wikidata.org/entity/Q190107,,http://www.wikidata.org/entity/Q99460987
http://www.wikidata.org/entity/Q2301658,http://www.wikidata.org/entity/P518,http://www.wikidata.org/entity/Q44782,,http://www.wikidata.org/entity/Q99460987
http://www.wikidata.org/entity/Q12406547,http://www.wikidata.org/entity/P518,http://www.wikidata.org/entity/Q49106,,http://www.wikidata.org/entity/Q99460987
http://www.wikidata.org/entity/Q945238,http://www.wikidata.org/entity/P518,http://www.wikidata.org/entity/Q169953,,http://www.wikidata.org/entity/Q99460987
http://www.wikidata.org/entity/Q94951,http://www.wikidata.org/entity/P518,http://www.wikidata.org/entity/Q82794,,http://www.wikidata.org/entity/Q99460987
http://www.wikidata.org/entity/Q48969243,http://www.wikidata.org/entity/P518,http://www.wikidata.org/entity/Q185142,,http://www.wikidata.org/entity/Q99460987
http://www.wikidata.org/entity/Q1251380,http://www.wikidata.org/entity/P518,http://www.wikidata.org/entity/Q127051,,http://www.wikidata.org/entity/Q99460987
http://www.wikidata.org/entity/Q3486873,http://www.wikidata.org/entity/P518,http://www.wikidata.org/entity/Q46794,,http://www.wikidata.org/entity/Q99460987
http://www.wikidata.org/entity/Q50715333,http://www.wikidata.org/entity/P518,http://www.wikidata.org/entity/Q155076,,http://www.wikidata.org/entity/Q99460987
http://www.wikidata.org/entity/Q112927,http://www.wikidata.org/entity/P518,http://www.wikidata.org/entity/Q83478,,http://www.wikidata.org/entity/Q99460987
http://www.wikidata.org/entity/Q106814525,http://www.wikidata.org/entity/P518,http://www.wikidata.org/entity/Q184872,,http://www.wikidata.org/entity/Q99460987
http://www.wikidata.org/entity/Q273047,http://www.wikidata.org/entity/P518,http://www.wikidata.org/entity/Q194034,,http://www.wikidata.org/entity/Q99460987
http://www.wikidata.org/entity/Q1724402,http://www.wikidata.org/entity/P518,http://www.wikidata.org/entity/Q164867,,http://www.wikidata.org/entity/Q99460987
http://www.wikidata.org/entity/Q1724402,http://www.wikidata.org/entity/P518,http://www.wikidata.org/entity/Q164955,,http://www.wikidata.org/entity/Q99460987
http://www.wikidata.org/entity/Q572927,http://www.wikidata.org/entity/P518,http://www.wikidata.org/entity/Q133156,,http://www.wikidata.org/entity/Q99460987
http://www.wikidata.org/entity/Q97097666,http://www.wikidata.org/entity/P518,http://www.wikidata.org/entity/Q1084,,http://www.wikidata.org/entity/Q99460987
http://www.wikidata.org/entity/Q97097667,http://www.wikidata.org/entity/P518,http://www.wikidata.org/entity/Q1084,,http://www.wikidata.org/entity/Q99460987
http://www.wikidata.org/entity/Q97097665,http://www.wikidata.org/entity/P518,http://www.wikidata.org/entity/Q1084,,http://www.wikidata.org/entity/Q99460987
http://www.wikidata.org/entity/Q97097670,http://www.wikidata.org/entity/P518,http://www.wikidata.org/entity/Q1084,,http://www.wikidata.org/entity/Q99460987
http://www.wikidata.org/entity/Q97097671,http://www.wikidata.org/entity/P518,http://www.wikidata.org/entity/Q1084,,http://www.wikidata.org/entity/Q99460987
http://www.wikidata.org/entity/Q97097668,http://www.wikidata.org/entity/P518,http://www.wikidata.org/entity/Q1084,,http://www.wikidata.org/entity/Q99460987
http://www.wikidata.org/entity/Q97097669,http://www.wikidata.org/entity/P518,http://www.wikidata.org/entity/Q1084,,http://www.wikidata.org/entity/Q99460987
http://www.wikidata.org/entity/Q97097672,http://www.wikidata.org/entity/P518,http://www.wikidata.org/entity/Q1084,,http://www.wikidata.org/entity/Q99460987
http://www.wikidata.org/entity/Q97097673,http://www.wikidata.org/entity/P518,http://www.wikidata.org/entity/Q1084,,http://www.wikidata.org/entity/Q99460987
http://www.wikidata.org/entity/Q97097690,http://www.wikidata.org/entity/P518,http://www.wikidata.org/entity/Q24905,,http://www.wikidata.org/entity/Q99460987
http://www.wikidata.org/entity/Q97097691,http://www.wikidata.org/entity/P518,http://www.wikidata.org/entity/Q24905,,http://www.wikidata.org/entity/Q99460987
http://www.wikidata.org/entity/Q97097688,http://www.wikidata.org/entity/P518,http://www.wikidata.org/entity/Q24905,,http://www.wikidata.org/entity/Q99460987
http://www.wikidata.org/entity/Q97097689,http://www.wikidata.org/entity/P518,http://www.wikidata.org/entity/Q24905,,http://www.wikidata.org/entity/Q99460987
http://www.wikidata.org/entity/Q97097694,http://www.wikidata.org/entity/P518,http://www.wikidata.org/entity/Q34698,,http://www.wikidata.org/entity/Q99460987
http://www.wikidata.org/entity/Q97097695,http://www.wikidata.org/entity/P518,http://www.wikidata.org/entity/Q34698,,http://www.wikidata.org/entity/Q99460987
http://www.wikidata.org/entity/Q97097692,http://www.wikidata.org/entity/P518,http://www.wikidata.org/entity/Q34698,,http://www.wikidata.org/entity/Q99460987
http://www.wikidata.org/entity/Q97097693,http://www.wikidata.org/entity/P518,http://www.wikidata.org/entity/Q34698,,http://www.wikidata.org/entity/Q99460987
http://www.wikidata.org/entity/Q97097697,http://www.wikidata.org/entity/P518,http://www.wikidata.org/entity/Q34698,,http://www.wikidata.org/entity/Q99460987
http://www.wikidata.org/entity/Q3244994,http://www.wikidata.org/entity/P518,http://www.wikidata.org/entity/Q515,,http://www.wikidata.org/entity/Q99460987
http://www.wikidata.org/entity/Q14204746,http://www.wikidata.org/entity/P518,http://www.wikidata.org/entity/Q7569,,http://www.wikidata.org/entity/Q99460987
http://www.wikidata.org/entity/Q9160460,http://www.wikidata.org/entity/P518,http://www.wikidata.org/entity/Q482,,http://www.wikidata.org/entity/Q99460987
http://www.wikidata.org/entity/Q3257925,http://www.wikidata.org/entity/P518,http://www.wikidata.org/entity/Q11413,,http://www.wikidata.org/entity/Q99460987
http://www.wikidata.org/entity/Q2826017,http://www.wikidata.org/entity/P518,http://www.wikidata.org/entity/Q2105,,http://www.wikidata.org/entity/Q99460987
http://www.wikidata.org/entity/Q88181393,http://www.wikidata.org/entity/P518,http://www.wikidata.org/entity/Q29558,,http://www.wikidata.org/entity/Q99460987
http://www.wikidata.org/entity/Q42915608,http://www.wikidata.org/entity/P518,http://www.wikidata.org/entity/Q248,,http://www.wikidata.org/entity/Q99460987
http://www.wikidata.org/entity/Q390970,http://www.wikidata.org/entity/P518,http://www.wikidata.org/entity/Q467,,http://www.wikidata.org/entity/Q99460987
http://www.wikidata.org/entity/Q30527300,http://www.wikidata.org/entity/P518,http://www.wikidata.org/entity/Q36678,,http://www.wikidata.org/entity/Q99460987
http://www.wikidata.org/entity/Q11932197,http://www.wikidata.org/entity/P518,http://www.wikidata.org/entity/Q29,,http://www.wikidata.org/entity/Q99460987
http://www.wikidata.org/entity/Q263233,http://www.wikidata.org/entity/P518,http://www.wikidata.org/entity/Q11696,,http://www.wikidata.org/entity/Q99460987
http://www.wikidata.org/entity/Q106814525,http://www.wikidata.org/entity/P518,http://www.wikidata.org/entity/Q349,,http://www.wikidata.org/entity/Q99460987
http://www.wikidata.org/entity/Q110998500,http://www.wikidata.org/entity/P518,http://www.wikidata.org/entity/Q19682,,http://www.wikidata.org/entity/Q99460987
http://www.wikidata.org/entity/Q1724402,http://www.wikidata.org/entity/P518,http://www.wikidata.org/entity/Q2876,,http://www.wikidata.org/entity/Q99460987
http://www.wikidata.org/entity/Q1724402,http://www.wikidata.org/entity/P518,http://www.wikidata.org/entity/Q9627,,http://www.wikidata.org/entity/Q99460987
http://www.wikidata.org/entity/Q10384164,http://www.wikidata.org/entity/P518,http://www.wikidata.org/entity/Q11469,,http://www.wikidata.org/entity/Q99460987
http://www.wikidata.org/entity/Q12406385,http://www.wikidata.org/entity/P518,http://www.wikidata.org/entity/Q450,,http://www.wikidata.org/entity/Q99460987
http://www.wikidata.org/entity/Q12406385,http://www.wikidata.org/entity/P518,http://www.wikidata.org/entity/Q23852,,http://www.wikidata.org/entity/Q99460987
http://www.wikidata.org/entity/Q25385192,http://www.wikidata.org/entity/P518,http://www.wikidata.org/entity/Q7184,,http://www.wikidata.org/entity/Q99460987
http://www.wikidata.org/entity/Q2318908,http://www.wikidata.org/entity/P518,http://www.wikidata.org/entity/Q34010,,http://www.wikidata.org/entity/Q99460987
http://www.wikidata.org/entity/Q9384765,http://www.wikidata.org/entity/P518,http://www.wikidata.org/entity/Q2095,,http://www.wikidata.org/entity/Q99460987
http://www.wikidata.org/entity/Q3042354,http://www.wikidata.org/entity/P518,http://www.wikidata.org/entity/Q22731,,http://www.wikidata.org/entity/Q99460987
http://www.wikidata.org/entity/Q159752,http://www.wikidata.org/entity/P518,http://www.wikidata.org/entity/Q506,,http://www.wikidata.org/entity/Q99460987
http://www.wikidata.org/entity/Q1320143,http://www.wikidata.org/entity/P518,http://www.wikidata.org/entity/Q38829,,http://www.wikidata.org/entity/Q99460987
http://www.wikidata.org/entity/Q96907393,http://www.wikidata.org/entity/P518,http://www.wikidata.org/entity/Q1653,,http://www.wikidata.org/entity/Q99460987
http://www.wikidata.org/entity/Q12865258,http://www.wikidata.org/entity/P518,http://www.wikidata.org/entity/Q230,,http://www.wikidata.org/entity/Q99460987
http://www.wikidata.org/entity/Q5377027,http://www.wikidata.org/entity/P518,http://www.wikidata.org/entity/Q41176,,http://www.wikidata.org/entity/Q99460987
http://www.wikidata.org/entity/Q91305211,http://www.wikidata.org/entity/P518,http://www.wikidata.org/entity/Q150,,http://www.wikidata.org/entity/Q99460987
http://www.wikidata.org/entity/Q104858267,http://www.wikidata.org/entity/P518,http://www.wikidata.org/entity/Q7850,,http://www.wikidata.org/entity/Q99460987
http://www.wikidata.org/entity/Q7834819,http://www.wikidata.org/entity/P518,http://www.wikidata.org/entity/Q756,,http://www.wikidata.org/entity/Q99460987
http://www.wikidata.org/entity/Q1636326,http://www.wikidata.org/entity/P518,http://www.wikidata.org/entity/Q2090,,http://www.wikidata.org/entity/Q99460987
http://www.wikidata.org/entity/Q3093351,http://www.wikidata.org/entity/P518,http://www.wikidata.org/entity/Q42332,,http://www.wikidata.org/entity/Q99460987
http://www.wikidata.org/entity/Q57315300,http://www.wikidata.org/entity/P518,http://www.wikidata.org/entity/Q64226547,,http://www.wikidata.org/entity/Q99460987
http://www.wikidata.org/entity/Q19867464,http://www.wikidata.org/entity/P518,http://www.wikidata.org/entity/Q42210167,,http://www.wikidata.org/entity/Q99460987
http://www.wikidata.org/entity/Q115103599,http://www.wikidata.org/entity/P518,http://www.wikidata.org/entity/Q115101120,,http://www.wikidata.org/entity/Q99460987
http://www.wikidata.org/entity/Q427883,http://www.wikidata.org/entity/P518,http://www.wikidata.org/entity/Q39674881,,http://www.wikidata.org/entity/Q99460987
http://www.wikidata.org/entity/Q115047549,http://www.wikidata.org/entity/P518,http://www.wikidata.org/entity/Q53739381,,http://www.wikidata.org/entity/Q99460987
http://www.wikidata.org/entity/Q3482590,http://www.wikidata.org/entity/P518,http://www.wikidata.org/entity/Q36456193,,http://www.wikidata.org/entity/Q99460987
http://www.wikidata.org/entity/Q114297316,http://www.wikidata.org/entity/P518,http://www.wikidata.org/entity/Q113704054,,http://www.wikidata.org/entity/Q99460987
http://www.wikidata.org/entity/Q86370279,http://www.wikidata.org/entity/P518,http://www.wikidata.org/entity/Q80116028,,http://www.wikidata.org/entity/Q99460987
http://www.wikidata.org/entity/Q53108711,http://www.wikidata.org/entity/P518,http://www.wikidata.org/entity/Q51963118,,http://www.wikidata.org/entity/Q99460987
http://www.wikidata.org/entity/Q18222497,http://www.wikidata.org/entity/P518,http://www.wikidata.org/entity/Q64140620,,http://www.wikidata.org/entity/Q99460987
http://www.wikidata.org/entity/Q109583715,http://www.wikidata.org/entity/P518,http://www.wikidata.org/entity/Q109583897,,http://www.wikidata.org/entity/Q99460987
http://www.wikidata.org/entity/Q46361518,http://www.wikidata.org/entity/P518,http://www.wikidata.org/entity/Q45823285,,http://www.wikidata.org/entity/Q99460987
http://www.wikidata.org/entity/Q64219738,http://www.wikidata.org/entity/P518,http://www.wikidata.org/entity/Q64226547,,http://www.wikidata.org/entity/Q99460987
http://www.wikidata.org/entity/Q46361899,http://www.wikidata.org/entity/P518,http://www.wikidata.org/entity/Q45823285,,http://www.wikidata.org/entity/Q99460987
http://www.wikidata.org/entity/Q46362218,http://www.wikidata.org/entity/P518,http://www.wikidata.org/entity/Q45823285,,http://www.wikidata.org/entity/Q99460987
http://www.wikidata.org/entity/Q51754273,http://www.wikidata.org/entity/P518,http://www.wikidata.org/entity/Q494756,,http://www.wikidata.org/entity/Q99460987
http://www.wikidata.org/entity/Q4039164,http://www.wikidata.org/entity/P518,http://www.wikidata.org/entity/Q624546,,http://www.wikidata.org/entity/Q99460987
http://www.wikidata.org/entity/Q107265371,http://www.wikidata.org/entity/P518,http://www.wikidata.org/entity/Q209465,,http://www.wikidata.org/entity/Q99460987
http://www.wikidata.org/entity/Q107265374,http://www.wikidata.org/entity/P518,http://www.wikidata.org/entity/Q209465,,http://www.wikidata.org/entity/Q99460987
http://www.wikidata.org/entity/Q107265372,http://www.wikidata.org/entity/P518,http://www.wikidata.org/entity/Q209465,,http://www.wikidata.org/entity/Q99460987
http://www.wikidata.org/entity/Q4043482,http://www.wikidata.org/entity/P518,http://www.wikidata.org/entity/Q603867,,http://www.wikidata.org/entity/Q99460987
http://www.wikidata.org/entity/Q63154032,http://www.wikidata.org/entity/P518,http://www.wikidata.org/entity/Q484275,,http://www.wikidata.org/entity/Q99460987
http://www.wikidata.org/entity/Q9384765,http://www.wikidata.org/entity/P518,http://www.wikidata.org/entity/Q654253,,http://www.wikidata.org/entity/Q99460987
http://www.wikidata.org/entity/Q3330935,http://www.wikidata.org/entity/P518,http://www.wikidata.org/entity/Q684740,,http://www.wikidata.org/entity/Q99460987
http://www.wikidata.org/entity/Q46006033,http://www.wikidata.org/entity/P518,http://www.wikidata.org/entity/Q372007,,http://www.wikidata.org/entity/Q99460987
http://www.wikidata.org/entity/Q17037573,http://www.wikidata.org/entity/P518,http://www.wikidata.org/entity/Q643330,,http://www.wikidata.org/entity/Q99460987
http://www.wikidata.org/entity/Q3486867,http://www.wikidata.org/entity/P518,http://www.wikidata.org/entity/Q732089,,http://www.wikidata.org/entity/Q99460987
http://www.wikidata.org/entity/Q108453569,http://www.wikidata.org/entity/P518,http://www.wikidata.org/entity/Q830036,,http://www.wikidata.org/entity/Q99460987
http://www.wikidata.org/entity/Q10562544,http://www.wikidata.org/entity/P518,http://www.wikidata.org/entity/Q506250,,http://www.wikidata.org/entity/Q99460987
http://www.wikidata.org/entity/Q5377027,http://www.wikidata.org/entity/P518,http://www.wikidata.org/entity/Q212920,,http://www.wikidata.org/entity/Q99460987
http://www.wikidata.org/entity/Q58878171,http://www.wikidata.org/entity/P518,http://www.wikidata.org/entity/Q223341,,http://www.wikidata.org/entity/Q99460987
http://www.wikidata.org/entity/L310817-F2,http://www.wikidata.org/entity/P518,http://www.wikidata.org/entity/Q499327,,http://www.wikidata.org/entity/Q99460987
http://www.wikidata.org/entity/Q21694612,http://www.wikidata.org/entity/P518,http://www.wikidata.org/entity/Q769657,,http://www.wikidata.org/entity/Q99460987
http://www.wikidata.org/entity/Q3530050,http://www.wikidata.org/entity/P518,http://www.wikidata.org/entity/Q467252,,http://www.wikidata.org/entity/Q99460987
http://www.wikidata.org/entity/Q97097666,http://www.wikidata.org/entity/P518,http://www.wikidata.org/entity/Q499327,,http://www.wikidata.org/entity/Q99460987
http://www.wikidata.org/entity/Q97097667,http://www.wikidata.org/entity/P518,http://www.wikidata.org/entity/Q499327,,http://www.wikidata.org/entity/Q99460987
http://www.wikidata.org/entity/Q97097665,http://www.wikidata.org/entity/P518,http://www.wikidata.org/entity/Q499327,,http://www.wikidata.org/entity/Q99460987
http://www.wikidata.org/entity/Q1226433,http://www.wikidata.org/entity/P518,http://www.wikidata.org/entity/Q675316,,http://www.wikidata.org/entity/Q99460987
http://www.wikidata.org/entity/Q45200657,http://www.wikidata.org/entity/P518,http://www.wikidata.org/entity/Q559171,,http://www.wikidata.org/entity/Q99460987
http://www.wikidata.org/entity/Q2825773,http://www.wikidata.org/entity/P518,http://www.wikidata.org/entity/Q547525,,http://www.wikidata.org/entity/Q99460987
http://www.wikidata.org/entity/Q2825773,http://www.wikidata.org/entity/P518,http://www.wikidata.org/entity/Q616308,,http://www.wikidata.org/entity/Q99460987
http://www.wikidata.org/entity/Q5565944,http://www.wikidata.org/entity/P518,http://www.wikidata.org/entity/Q339678,,http://www.wikidata.org/entity/Q99460987
http://www.wikidata.org/entity/Q5134453,http://www.wikidata.org/entity/P518,http://www.wikidata.org/entity/Q873072,,http://www.wikidata.org/entity/Q99460987
http://www.wikidata.org/entity/L310816-F2,http://www.wikidata.org/entity/P518,http://www.wikidata.org/entity/Q499327,,http://www.wikidata.org/entity/Q99460987
http://www.wikidata.org/entity/Q6011585,http://www.wikidata.org/entity/P518,http://www.wikidata.org/entity/Q791187,,http://www.wikidata.org/entity/Q99460987
http://www.wikidata.org/entity/Q83290973,http://www.wikidata.org/entity/P518,http://www.wikidata.org/entity/Q379693,,http://www.wikidata.org/entity/Q99460987
http://www.wikidata.org/entity/Q21743287,http://www.wikidata.org/entity/P518,http://www.wikidata.org/entity/Q614380,,http://www.wikidata.org/entity/Q99460987
http://www.wikidata.org/entity/Q5887803,http://www.wikidata.org/entity/P518,http://www.wikidata.org/entity/Q597933,,http://www.wikidata.org/entity/Q99460987
http://www.wikidata.org/entity/Q5887803,http://www.wikidata.org/entity/P518,http://www.wikidata.org/entity/Q600805,,http://www.wikidata.org/entity/Q99460987
http://www.wikidata.org/entity/Q106814525,http://www.wikidata.org/entity/P518,http://www.wikidata.org/entity/Q464980,,http://www.wikidata.org/entity/Q99460987
http://www.wikidata.org/entity/Q2870015,http://www.wikidata.org/entity/P518,http://www.wikidata.org/entity/Q815436,,http://www.wikidata.org/entity/Q99460987
http://www.wikidata.org/entity/Q61403945,http://www.wikidata.org/entity/P518,http://www.wikidata.org/entity/Q778601,,http://www.wikidata.org/entity/Q99460987
http://www.wikidata.org/entity/Q62129167,http://www.wikidata.org/entity/P518,http://www.wikidata.org/entity/Q769657,,http://www.wikidata.org/entity/Q99460987
http://www.wikidata.org/entity/Q1724402,http://www.wikidata.org/entity/P518,http://www.wikidata.org/entity/Q385635,,http://www.wikidata.org/entity/Q99460987
http://www.wikidata.org/entity/Q1724402,http://www.wikidata.org/entity/P518,http://www.wikidata.org/entity/Q430923,,http://www.wikidata.org/entity/Q99460987
http://www.wikidata.org/entity/Q1724402,http://www.wikidata.org/entity/P518,http://www.wikidata.org/entity/Q559492,,http://www.wikidata.org/entity/Q99460987
http://www.wikidata.org/entity/Q1724402,http://www.wikidata.org/entity/P518,http://www.wikidata.org/entity/Q559510,,http://www.wikidata.org/entity/Q99460987
http://www.wikidata.org/entity/Q1724402,http://www.wikidata.org/entity/P518,http://www.wikidata.org/entity/Q559530,,http://www.wikidata.org/entity/Q99460987
http://www.wikidata.org/entity/Q1724402,http://www.wikidata.org/entity/P518,http://www.wikidata.org/entity/Q559552,,http://www.wikidata.org/entity/Q99460987
http://www.wikidata.org/entity/Q1724402,http://www.wikidata.org/entity/P518,http://www.wikidata.org/entity/Q559583,,http://www.wikidata.org/entity/Q99460987
http://www.wikidata.org/entity/Q1724402,http://www.wikidata.org/entity/P518,http://www.wikidata.org/entity/Q559600,,http://www.wikidata.org/entity/Q99460987
http://www.wikidata.org/entity/Q6915625,http://www.wikidata.org/entity/P518,http://www.wikidata.org/entity/Q332477,,http://www.wikidata.org/entity/Q99460987
http://www.wikidata.org/entity/Q6915625,http://www.wikidata.org/entity/P518,http://www.wikidata.org/entity/Q421413,,http://www.wikidata.org/entity/Q99460987
http://www.wikidata.org/entity/Q427883,http://www.wikidata.org/entity/P518,http://www.wikidata.org/entity/Q751722,,http://www.wikidata.org/entity/Q99460987
http://www.wikidata.org/entity/Q12251146,http://www.wikidata.org/entity/P518,http://www.wikidata.org/entity/Q284558,,http://www.wikidata.org/entity/Q99460987
http://www.wikidata.org/entity/Q110128725,http://www.wikidata.org/entity/P518,http://www.wikidata.org/entity/Q15253558,,http://www.wikidata.org/entity/Q99460987
http://www.wikidata.org/entity/Q107976231,http://www.wikidata.org/entity/P518,http://www.wikidata.org/entity/Q5708511,,http://www.wikidata.org/entity/Q99460987
http://www.wikidata.org/entity/Q20018074,http://www.wikidata.org/entity/P518,http://www.wikidata.org/entity/Q21694152,,http://www.wikidata.org/entity/Q99460987
http://www.wikidata.org/entity/Q20018074,http://www.wikidata.org/entity/P518,http://www.wikidata.org/entity/Q21694231,,http://www.wikidata.org/entity/Q99460987
http://www.wikidata.org/entity/Q5627844,http://www.wikidata.org/entity/P518,http://www.wikidata.org/entity/Q1501395,,http://www.wikidata.org/entity/Q99460987
http://www.wikidata.org/entity/Q25378119,http://www.wikidata.org/entity/P518,http://www.wikidata.org/entity/Q6021804,,http://www.wikidata.org/entity/Q99460987
http://www.wikidata.org/entity/Q46000274,http://www.wikidata.org/entity/P518,http://www.wikidata.org/entity/Q2006518,,http://www.wikidata.org/entity/Q99460987
http://www.wikidata.org/entity/Q427883,http://www.wikidata.org/entity/P518,http://www.wikidata.org/entity/Q16131021,,http://www.wikidata.org/entity/Q99460987
http://www.wikidata.org/entity/Q19605878,http://www.wikidata.org/entity/P518,http://www.wikidata.org/entity/Q18213491,,http://www.wikidata.org/entity/Q99460987
http://www.wikidata.org/entity/Q21193123,http://www.wikidata.org/entity/P518,http://www.wikidata.org/entity/Q21193136,,http://www.wikidata.org/entity/Q99460987
http://www.wikidata.org/entity/Q26978760,http://www.wikidata.org/entity/P518,http://www.wikidata.org/entity/Q3167253,,http://www.wikidata.org/entity/Q99460987
http://www.wikidata.org/entity/Q21769868,http://www.wikidata.org/entity/P518,http://www.wikidata.org/entity/Q21769852,,http://www.wikidata.org/entity/Q99460987
http://www.wikidata.org/entity/Q3353182,http://www.wikidata.org/entity/P518,http://www.wikidata.org/entity/Q977900,,http://www.wikidata.org/entity/Q99460987
http://www.wikidata.org/entity/Q5227383,http://www.wikidata.org/entity/P518,http://www.wikidata.org/entity/Q1049878,,http://www.wikidata.org/entity/Q99460987
http://www.wikidata.org/entity/Q24698696,http://www.wikidata.org/entity/P518,http://www.wikidata.org/entity/Q1093965,,http://www.wikidata.org/entity/Q99460987
http://www.wikidata.org/entity/L310817-F2,http://www.wikidata.org/entity/P518,http://www.wikidata.org/entity/Q1775461,,http://www.wikidata.org/entity/Q99460987
http://www.wikidata.org/entity/L310817-F3,http://www.wikidata.org/entity/P518,http://www.wikidata.org/entity/Q1775415,,http://www.wikidata.org/entity/Q99460987
http://www.wikidata.org/entity/Q192830,http://www.wikidata.org/entity/P518,http://www.wikidata.org/entity/Q10861030,,http://www.wikidata.org/entity/Q99460987
http://www.wikidata.org/entity/Q39278853,http://www.wikidata.org/entity/P518,http://www.wikidata.org/entity/Q2276994,,http://www.wikidata.org/entity/Q99460987
http://www.wikidata.org/entity/Q108483185,http://www.wikidata.org/entity/P518,http://www.wikidata.org/entity/Q1000976,,http://www.wikidata.org/entity/Q99460987
http://www.wikidata.org/entity/Q18222497,http://www.wikidata.org/entity/P518,http://www.wikidata.org/entity/Q11690569,,http://www.wikidata.org/entity/Q99460987
http://www.wikidata.org/entity/Q110647316,http://www.wikidata.org/entity/P518,http://www.wikidata.org/entity/Q911691,,http://www.wikidata.org/entity/Q99460987
http://www.wikidata.org/entity/Q97097670,http://www.wikidata.org/entity/P518,http://www.wikidata.org/entity/Q1775415,,http://www.wikidata.org/entity/Q99460987
http://www.wikidata.org/entity/Q97097671,http://www.wikidata.org/entity/P518,http://www.wikidata.org/entity/Q1775461,,http://www.wikidata.org/entity/Q99460987
http://www.wikidata.org/entity/Q97097668,http://www.wikidata.org/entity/P518,http://www.wikidata.org/entity/Q1775415,,http://www.wikidata.org/entity/Q99460987
http://www.wikidata.org/entity/Q97097669,http://www.wikidata.org/entity/P518,http://www.wikidata.org/entity/Q1775415,,http://www.wikidata.org/entity/Q99460987
http://www.wikidata.org/entity/Q97097672,http://www.wikidata.org/entity/P518,http://www.wikidata.org/entity/Q1775461,,http://www.wikidata.org/entity/Q99460987
http://www.wikidata.org/entity/Q97097673,http://www.wikidata.org/entity/P518,http://www.wikidata.org/entity/Q1775461,,http://www.wikidata.org/entity/Q99460987
http://www.wikidata.org/entity/Q1226433,http://www.wikidata.org/entity/P518,http://www.wikidata.org/entity/Q1308239,,http://www.wikidata.org/entity/Q99460987
http://www.wikidata.org/entity/Q21112283,http://www.wikidata.org/entity/P518,http://www.wikidata.org/entity/Q13400765,,http://www.wikidata.org/entity/Q99460987
http://www.wikidata.org/entity/Q45200657,http://www.wikidata.org/entity/P518,http://www.wikidata.org/entity/Q3590620,,http://www.wikidata.org/entity/Q99460987
http://www.wikidata.org/entity/Q106763129,http://www.wikidata.org/entity/P518,http://www.wikidata.org/entity/Q3691017,,http://www.wikidata.org/entity/Q99460987
http://www.wikidata.org/entity/Q107492743,http://www.wikidata.org/entity/P518,http://www.wikidata.org/entity/Q880788,,http://www.wikidata.org/entity/Q99460987
http://www.wikidata.org/entity/Q2825773,http://www.wikidata.org/entity/P518,http://www.wikidata.org/entity/Q1872728,,http://www.wikidata.org/entity/Q99460987
http://www.wikidata.org/entity/Q21711071,http://www.wikidata.org/entity/P518,http://www.wikidata.org/entity/Q3185943,,http://www.wikidata.org/entity/Q99460987
http://www.wikidata.org/entity/Q26877321,http://www.wikidata.org/entity/P518,http://www.wikidata.org/entity/Q26877163,,http://www.wikidata.org/entity/Q99460987
http://www.wikidata.org/entity/Q110091424,http://www.wikidata.org/entity/P518,http://www.wikidata.org/entity/Q1276817,,http://www.wikidata.org/entity/Q99460987
http://www.wikidata.org/entity/Q78203110,http://www.wikidata.org/entity/P518,http://www.wikidata.org/entity/Q28805633,,http://www.wikidata.org/entity/Q99460987
http://www.wikidata.org/entity/Q21418827,http://www.wikidata.org/entity/P518,http://www.wikidata.org/entity/Q10861030,,http://www.wikidata.org/entity/Q99460987
http://www.wikidata.org/entity/Q94951,http://www.wikidata.org/entity/P518,http://www.wikidata.org/entity/Q874405,,http://www.wikidata.org/entity/Q99460987
http://www.wikidata.org/entity/L310816-F2,http://www.wikidata.org/entity/P518,http://www.wikidata.org/entity/Q1775461,,http://www.wikidata.org/entity/Q99460987
http://www.wikidata.org/entity/L310816-F3,http://www.wikidata.org/entity/P518,http://www.wikidata.org/entity/Q1775415,,http://www.wikidata.org/entity/Q99460987
http://www.wikidata.org/entity/Q21711261,http://www.wikidata.org/entity/P518,http://www.wikidata.org/entity/Q21711237,,http://www.wikidata.org/entity/Q99460987
http://www.wikidata.org/entity/Q6744305,http://www.wikidata.org/entity/P518,http://www.wikidata.org/entity/Q10861030,,http://www.wikidata.org/entity/Q99460987
http://www.wikidata.org/entity/Q19730050,http://www.wikidata.org/entity/P518,http://www.wikidata.org/entity/Q903783,,http://www.wikidata.org/entity/Q99460987
http://www.wikidata.org/entity/Q21751038,http://www.wikidata.org/entity/P518,http://www.wikidata.org/entity/Q2350226,,http://www.wikidata.org/entity/Q99460987
http://www.wikidata.org/entity/Q114301127,http://www.wikidata.org/entity/P518,http://www.wikidata.org/entity/Q11827455,,http://www.wikidata.org/entity/Q99460987
http://www.wikidata.org/entity/Q8063266,http://www.wikidata.org/entity/P518,http://www.wikidata.org/entity/Q1071143,,http://www.wikidata.org/entity/Q99460987
http://www.wikidata.org/entity/Q8063266,http://www.wikidata.org/entity/P518,http://www.wikidata.org/entity/Q1071280,,http://www.wikidata.org/entity/Q99460987
http://www.wikidata.org/entity/Q6907808,http://www.wikidata.org/entity/P518,http://www.wikidata.org/entity/Q9200127,,http://www.wikidata.org/entity/Q99460987
